<?xml version="1.0" encoding="UTF-8"?>
<!DOCTYPE consumerComplaints [
  <!ELEMENT consumerComplaints (complaint)+>
  <!ATTLIST consumerComplaints xmlns CDATA #FIXED ''>

  <!ELEMENT complaint ((company|consumerNarrative|event|issue|product|submitted)+, response)>
  <!ATTLIST complaint xmlns CDATA #FIXED ''
    id CDATA #REQUIRED
    submissionType CDATA #IMPLIED
  >

  <!ELEMENT event EMPTY>
  <!ATTLIST event xmlns CDATA #FIXED ''
    date CDATA #REQUIRED
    type CDATA #REQUIRED
  >

  <!ELEMENT product (productType,subproduct?)>
  <!ATTLIST product xmlns CDATA #FIXED ''>

  <!ELEMENT productType (#PCDATA)>
  <!ATTLIST productType xmlns CDATA #FIXED ''>

  <!ELEMENT subproduct (#PCDATA)>
  <!ATTLIST subproduct xmlns CDATA #FIXED ''>

  <!ELEMENT company (companyName,companyState,companyZip)>
  <!ATTLIST company xmlns CDATA #FIXED ''>

  <!ELEMENT companyName (#PCDATA)>
  <!ATTLIST companyName xmlns CDATA #FIXED ''>

  <!ELEMENT companyState (#PCDATA)>
  <!ATTLIST companyState xmlns CDATA #FIXED ''>

  <!ELEMENT companyZip (#PCDATA)>
  <!ATTLIST companyZip xmlns CDATA #FIXED ''>

  <!ELEMENT consumerNarrative (#PCDATA)>
  <!ATTLIST consumerNarrative xmlns CDATA #FIXED ''>

  <!ELEMENT issue (issueType,subissue?)>
  <!ATTLIST issue xmlns CDATA #FIXED ''>

  <!ELEMENT issueType (#PCDATA)>
  <!ATTLIST issueType xmlns CDATA #FIXED ''>

  <!ELEMENT subissue (#PCDATA)>
  <!ATTLIST subissue xmlns CDATA #FIXED ''>

  <!ELEMENT submitted EMPTY>
  <!ATTLIST submitted xmlns CDATA #FIXED ''
    via CDATA #IMPLIED
  >

  <!ELEMENT response (publicResponse?,responseType)>
  <!ATTLIST response xmlns CDATA #FIXED ''
    consumerDisputed CDATA #REQUIRED
    timely CDATA #IMPLIED
  >

  <!ELEMENT publicResponse (#PCDATA)>
  <!ATTLIST publicResponse xmlns CDATA #FIXED ''>

  <!ELEMENT responseType (#PCDATA)>
  <!ATTLIST responseType xmlns CDATA #FIXED ''>
]>
<consumerComplaints>
    <complaint id="759222" submissionType="Referral">
        <company>
            <companyName>M&amp;T Bank Corporation</companyName>
            <companyState>MI</companyState>
            <companyZip>48382</companyZip>
        </company>
        <event date="2017-03-12" type="received"/>
        <event date="2017-03-17" type="sentToCompany"/>
        <issue>
            <issueType>Loan modification,collection,foreclosure</issueType>
        </issue>
        <product>
            <productType>Mortgage</productType>
            <subproduct>Other mortgage</subproduct>
        </product>
        <response consumerDisputed="Y" timely="Y">
            <responseType>Closed with explanation</responseType>
        </response>
    </complaint>
    <complaint id="596562" submissionType="Phone">
        <company>
            <companyName>U.S. BANCORP</companyName>
            <companyState>MN</companyState>
            <companyZip>48322</companyZip>
        </company>
        <event date="2016-11-13" type="received"/>
        <event date="2016-11-20" type="sentToCompany"/>
        <issue>
            <issueType>Loan servicing, payments, escrow account</issueType>
        </issue>
        <product>
            <productType>Mortgage</productType>
            <subproduct>Conventional adjustable mortgage</subproduct>
        </product>
        <response consumerDisputed="N" timely="Y">
            <responseType>Closed with monetary relief</responseType>
        </response>
    </complaint>
    <complaint id="2364257" submissionType="Web">
        <company>
            <companyName>BARCLAYS BANK DELAWARE</companyName>
            <companyState>MA</companyState>
            <companyZip>19904</companyZip>
        </company>
        <consumerNarrative>Was a happy XXXX card member for years, in late XX/XX/2016 XXXX converted
            the card portfolio to Barclaycard ( XXXX ). We almost never carry a balance over, but we
            started to in XX/XX/XXXX and Barclay has been overcharging the interest expense every
            month. Instead of charging interest on the carried balance they charged it on the entire
            average balance. So if we charged {$3000.00} last month and carried {$3000.00} from
            previous months then they charged us 15 % of the {$6000.00} = {$75.00}, should have been
            {$37.00} in interest charges. They are double dipping, getting the interchange fee ( 1.5
            % of purchase, equal to an 18 % apr ), plus they are getting the interest on the
            purchases at 15 %, that is the equivalent of an 33 % interest charge. I feel this
            practice is very unethical, if not illegal. We converted, not by our choice, from XXXX
            to Barclaycard MasterCard, so if we leave we lose all the points we acquired in previous
            years. Completely unfair and is why the big financials have the hated reputation they
            have now. Hope you folks over there can investigate.</consumerNarrative>
        <event date="2019-02-28" type="received"/>
        <event date="2019-02-28" type="sentToCompany"/>
        <issue>
            <issueType>Other fee</issueType>
        </issue>
        <product>
            <productType>Credit card</productType>
        </product>
        <response consumerDisputed="Y" timely="Y">
            <publicResponse>Company has responded to the consumer and the CFPB and chooses not to provide a public response</publicResponse>
            <responseType>Closed with explanation</responseType>
        </response>
    </complaint>
    <complaint id="2327502" submissionType="Web">
        <company>
            <companyName>Experian Information Solutions Inc.</companyName>
            <companyState>NY</companyState>
            <companyZip>10020</companyZip>
        </company>
        <consumerNarrative>Checked my credit report after filing complaint with CFPB on XXXX. Was
            finally able to get access to the dispute forms and the XXXX XXXX account scheduled for
            deletion XX/XX/XXXX2017 was still on record. After already registering with my report
            number, name and social security and placing the dispute in the " dispute cart '', when
            I attempted to upload as instructed, I was taken to another form which requested the
            same ( and more ) information which was already a matter of record in order to get
            access to the report in the first place. Screenshots attached. Designed to
            discourage?</consumerNarrative>
        <event date="2019-02-03" type="received"/>
        <event date="2019-02-03" type="sentToCompany"/>
        <issue>
            <issueType>Incorrect information on credit report</issueType>
            <subissue>Account status</subissue>
        </issue>
        <product>
            <productType>Credit reporting</productType>
        </product>
        <response consumerDisputed="N" timely="Y">
            <publicResponse>Company has responded to the consumer and the CFPB and chooses not to provide a public response</publicResponse>
            <responseType>Closed with non-monetary relief</responseType>
        </response>
    </complaint>
    <complaint id="2356421" submissionType="Web">
        <company>
            <companyName>Wells Fargo &amp; Company</companyName>
            <companyState>AZ</companyState>
            <companyZip>85043</companyZip>
        </company>
        <consumerNarrative>I deposited what turned out to be a fraudulent check drawn on Wells Fargo
            by mobile deposit to my savings account at Wells Fargo on XXXX at XXXX XXXX Time for
            {$2400.00}. They gave me full availability of the {$2400.00} on XXXX at which time I
            withdrew {$2200.00} and the bank then returned the deposited check on XXXX creating an
            overdraft in my account of over {$2000.00}. Wells Fargo rep explained that they do not
            process mobile deposits until late the night one day after the deposit was made. This
            means they honored the withdrawal request before they processed the transaction. That
            gave me the false assurance that the deposited check was good. The cash is gone to the
            perpetrator and now they want me to cover the overdraft. The fact they wait a whole
            business day before processing these deposits is for their convenience and the consumer
            should not be held accountable for the consequences of this delay. Also UCC 4-301 ( b )
            addresses the final payment of on-us checks deposited and states that the payor bank has
            until midnight of the next banking day to decide whether to honor the check. If they do
            n't act by midnight deadline, they lose the right to dishonor the check. 4-214 ( c ),
            4-301 ( b ). The mobile deposit confirmation states " The following mobile deposit was
            made on XXXX at XXXX Time '' and her account statement shows the deposit under the
            posting date of XXXX. Therefore, applying UCC 4-214 ( c ), the deposited check drawn on
            Wells Fargo should have been returned and charged back under the posting date of XXXX.
            It was not. The chargeback is posted under processing date of XXXX.</consumerNarrative>
        <event date="2018-02-23" type="received"/>
        <event date="2018-02-23" type="sentToCompany"/>
        <issue>
            <issueType>Deposits and withdrawals</issueType>
        </issue>
        <product>
            <productType>Bank account or service</productType>
            <subproduct>Savings account</subproduct>
        </product>
        <response consumerDisputed="N" timely="N">
            <publicResponse>Company has responded to the consumer and the CFPB and chooses not to provide a public response</publicResponse>
            <responseType>Closed with explanation</responseType>
        </response>
    </complaint>
    <complaint id="2112558" submissionType="Web">
        <company>
            <companyName>Round Two Recovery</companyName>
            <companyState>OK</companyState>
            <companyZip>73135</companyZip>
        </company>
        <consumerNarrative>I am a veteran widow whom is a recipient of Maryland State Medicaid and have been for several years. Therefore, the State is responsible for my health bills at XXXX cost to me.</consumerNarrative>
        <event date="2017-09-15" type="received"/>
        <event date="2017-09-15" type="sentToCompany"/>
        <issue>
            <issueType>Continued attempts to collect debt not owed</issueType>
            <subissue>Debt is not mine</subissue>
        </issue>
        <product>
            <productType>Debt collection</productType>
            <subproduct>Medical</subproduct>
        </product>
        <response consumerDisputed="N" timely="N">
            <responseType>Untimely response</responseType>
        </response>
    </complaint>
    <complaint id="837784" submissionType="Web">
        <company>
            <companyName>Navient Solutions, LLC</companyName>
            <companyState>DE</companyState>
            <companyZip>19802</companyZip>
        </company>
        <event date="2015-05-05" type="received"/>
        <event date="2015-05-06" type="sentToCompany"/>
        <issue>
            <issueType>Dealing with my lender or service</issueType>
            <subissue>Need information about my balance/terms</subissue>
        </issue>
        <product>
            <productType>Student loan</productType>
            <subproduct>non-federal student loan</subproduct>
        </product>
        <response consumerDisputed="N" timely="Y">
            <responseType>Closed with monetary relief</responseType>
        </response>
    </complaint>
    <complaint id="14038" submissionType="Referral">
        <company>
            <companyName>U.S. BANCORP</companyName>
            <companyState>AZ</companyState>
            <companyZip>85008</companyZip>
        </company>
        <event date="2017-01-17" type="received"/>
        <event date="2017-01-22" type="sentToCompany"/>
        <issue>
            <issueType>Loan servicing, payments, escrow account</issueType>
        </issue>
        <product>
            <productType>Mortgage</productType>
            <subproduct>Other mortgage</subproduct>
        </product>
        <response consumerDisputed="Y" timely="Y">
            <responseType>Closed without relief</responseType>
        </response>
    </complaint>
</consumerComplaints>
